日期,股权风险溢价分位,全A点位,市场温度
2014-05-23,94,2789.9,49.4
2014-05-30,95,2812.2,49.8
2014-06-06,95.7,2800.3,50.1
2014-06-13,90.6,2858.1,50.9
2014-06-20,96.7,2793.4,54.9
2014-06-27,93.9,2851.3,55.6
2014-07-04,88.3,2911.1,60.8
2014-07-11,90.6,2892.9,64.4
2014-07-18,86.4,2897,66.6
2014-07-25,82.7,2967.1,69.9
2014-08-01,75.9,3058.7,73.5
2014-08-08,73.6,3100.8,76.1
2014-08-15,72.3,3162.8,78.7
2014-08-22,68.1,3212.5,80.1
2014-08-29,77.3,3163.4,78.6
2014-09-05,64.9,3326.8,81.4
2014-09-12,63.3,3361.7,82.4
2014-09-19,69.9,3358.1,82.3
2014-09-26,67.7,3403.2,82.9
2014-10-10,64.7,3482.1,83.5
2014-10-17,75,3419.3,82.7
2014-10-24,80,3350.7,81.3
2014-10-31,72.8,3510.7,83
2014-11-07,80,3511.7,83.2
2014-11-14,74,3514.6,83.6
2014-11-21,71.1,3575.9,84.3
2014-11-28,61.6,3801.6,85.6
2014-12-05,57.9,4018.9,87.1
2014-12-12,57.9,4105.9,87.3
2014-12-19,56.3,4217,88.7
2014-12-26,56.4,4210.8,88.7
2015-01-09,54.8,4257.1,87.4
2015-01-16,54.3,4349.6,87.8
2015-01-23,54.9,4368.6,87.5
2015-01-30,56.1,4287.8,86.6
2015-02-06,58.5,4184.7,85
2015-02-13,56.9,4376.2,86
2015-02-27,54.3,4540.1,87
2015-03-06,53.9,4535.5,87.1
2015-03-13,50.1,4710.9,88.7
2015-03-20,48.5,5090,92.6
2015-03-27,45.8,5256.4,94
2015-04-03,41.4,5590.9,96.4
2015-04-10,35.1,5787.2,97
2015-04-17,34.5,5958.1,97
2015-04-24,34.2,6205.2,97
2015-05-08,38.1,6094.7,96.4
2015-05-15,35.1,6384.3,96.5
2015-05-22,28.5,7026.5,96.5
2015-05-29,26.5,7047.3,97.2
2015-06-05,21,7748.4,97.2
2015-06-12,19.1,7984.4,97
2015-06-19,27.2,6943,97.2
2015-06-26,31.3,6377.1,96.2
2015-07-03,44.2,5390.7,95
2015-07-10,42.2,5386.2,90.7
2015-07-17,38.2,5691.6,89.9
2015-07-24,36.6,5940.3,90.2
2015-07-31,46.7,5380,88.7
2015-08-07,44.9,5547.1,87.8
2015-08-14,37.6,5898.6,87.9
2015-08-21,50.4,5215,87.3
2015-08-28,55.4,4764.9,81.1
2015-09-11,56.9,4657.7,78.9
2015-09-18,60,4449.2,75.8
2015-09-25,59.9,4463.5,75.4
2015-10-09,59.1,4681.4,76.1
2015-10-16,54.4,5036.5,79.3
2015-10-23,54.4,5118.8,80.9
2015-10-30,51.9,5090.6,81.6
2015-11-06,50,5401.9,83.6
2015-11-13,50.1,5445.4,85.2
2015-11-20,49.4,5592.7,85.3
2015-11-27,50.9,5306.1,85
2015-12-04,50.6,5439.6,83.9
2015-12-11,51.2,5335.8,82.1
2015-12-18,49.6,5633,81.6
2015-12-25,50.2,5716.6,81.3
2016-01-08,57.1,4874.6,75.1
2016-01-15,63.4,4421,70.1
2016-01-22,62.8,4474.6,69.4
2016-01-29,64.3,4154.9,64.3
2016-02-05,63.7,4261.1,62.5
2016-02-19,62.2,4466.2,63.4
2016-02-26,63.6,4241.6,62.3
2016-03-04,62.6,4280.6,62.7
2016-03-11,63.6,4203.9,61.8
2016-03-18,60.9,4514.2,64.9
2016-03-25,59.1,4600.6,65.9
2016-04-01,57.9,4639.6,66
2016-04-08,56.7,4640.2,66.8
2016-04-15,53.9,4799.4,69.1
2016-04-22,57.2,4573.2,65.4
2016-04-29,56.4,4564.7,63
2016-05-06,56.6,4537.6,62.2
2016-05-13,59.4,4363.1,58.5
2016-05-20,58.3,4374.2,56.3
2016-05-27,58,4378.1,55.6
2016-06-03,52.1,4597.3,58.6
2016-06-17,55.8,4538.5,59.4
2016-06-24,57.9,4506,60.5
2016-07-01,56.4,4644.6,63.2
2016-07-08,54.4,4741.8,65.1
2016-07-15,51.4,4824.9,66.4
2016-07-22,53.6,4775.5,65.9
2016-07-29,56.1,4652.7,64.2
2016-08-05,56.8,4653.3,60.2
2016-08-12,56.1,4745.2,59.4
2016-08-19,52.5,4882.4,61.8
2016-08-26,52.4,4817.6,61.1
2016-09-02,49.5,4799.6,61.2
2016-09-09,48.4,4852.1,61.7
2016-09-23,50.2,4790.9,56.3
2016-09-30,50.7,4757.4,53.2
2016-10-14,48.7,4865.2,54.5
2016-10-21,49.3,4887.9,54.8
2016-10-28,52.3,4890.6,57.2
2016-11-04,51.1,4919.6,59.4
2016-11-11,46,5012.5,61.7
2016-11-18,44.8,5022.2,64.5
2016-11-25,44.1,5096.9,64.9
2016-12-02,43.7,5030.3,66.8
2016-12-09,43.1,5006.6,64.5
2016-12-16,42.4,4827.4,62.3
2016-12-23,43.3,4786.6,58.6
2016-12-30,44.6,4787,55
2017-01-06,42.1,4850.9,48.6
2017-01-13,42.9,4741.1,44.2
2017-01-20,42.4,4711.3,41.8
2017-02-03,39.7,4748.2,40.5
2017-02-10,38.4,4842.3,41.6
2017-02-17,39.7,4831.8,42.9
2017-02-24,39.1,4930.1,46.7
2017-03-03,38.6,4888.8,50.6
2017-03-10,37.3,4894.8,50.9
2017-03-17,39.4,4923.5,51.6
2017-03-24,39.7,4962.4,51.9
2017-03-31,40.6,4863.5,51.6
2017-04-07,39.1,4970.4,52.1
2017-04-14,39.5,4901.2,54.7
2017-04-21,39.9,4768.2,51.2
2017-04-28,43.4,4718.1,49
2017-05-05,43.3,4637.7,46.9
2017-05-12,42.7,4540.5,42.6
2017-05-19,42.2,4599.6,40.8
2017-05-26,41.5,4570,38.5
2017-06-02,42.2,4536.6,37.5
2017-06-09,40.3,4674.9,38.3
2017-06-16,41.6,4661.4,36.4
2017-06-23,40.7,4708.6,37.5
2017-06-30,39.3,4772.1,37.4
2017-07-07,38.3,4808.6,40.6
2017-07-14,39.2,4781.5,41.8
2017-07-21,38.6,4754.6,43.3
2017-07-28,37.2,4790.2,45.9
2017-08-04,36.7,4782.9,48.5
2017-08-11,38.5,4720.9,48.7
2017-08-18,36.6,4845.9,49.7
2017-08-25,34.8,4887.1,49.1
2017-09-01,35.6,4972.2,50.6
2017-09-08,36.3,4993.2,52.3
2017-09-15,36.3,5010.1,55.2
2017-09-22,35.4,5001.3,56.7
2017-09-29,35.7,5002.6,51.3
2017-10-13,31.5,5100.6,50
2017-10-20,31,5036.9,46.5
2017-10-27,29.6,5109.7,45.1
2017-11-03,33.6,5003.2,47.4
2017-11-10,29.8,5145.7,48
2017-11-17,32.1,5027,51.1
2017-11-24,32.4,4973.5,52.7
2017-12-01,36.3,4929.9,51.4
2017-12-08,36.8,4889.2,48.9
2017-12-15,34.8,4889.4,45.4
2017-12-22,33.2,4915.8,43.1
2017-12-29,32.4,4898.9,43.4
2018-01-05,27.5,5020.5,38.1
2018-01-12,26.3,5057.9,40.4
2018-01-19,24.7,5037,45.6
2018-01-26,23.7,5126.6,47.7
2018-02-02,27.1,4874.8,46.6
2018-02-09,42.9,4457.5,45.7
2018-02-23,35.8,4709.7,35.6
2018-03-02,36.1,4751.9,36
2018-03-09,31.5,4876.5,34.9
2018-03-16,35.5,4828.5,34.8
2018-03-23,43.9,4604.9,37.7
2018-03-30,43.6,4731,39.9
2018-04-13,44.6,4688.6,39.9
2018-04-20,54.2,4556.7,41
2018-04-27,52.3,4548.4,38.1
2018-05-04,53.7,4571.4,35.2
2018-05-11,47,4666.5,33.1
2018-05-18,45.7,4685.9,30.8
2018-05-25,52.4,4614.5,32.9
2018-06-01,56.4,4488.9,32
2018-06-08,55.8,4486.6,30.5
2018-06-15,60.3,4380.7,29.7
2018-06-22,63.7,4157.5,27.3
2018-06-29,64.4,4127.9,26.1
2018-07-06,64.8,3956.6,28.1
2018-07-13,64,4105.1,23.7
2018-07-20,63.8,4096.5,22.4
2018-07-27,63.2,4144.4,21.2
2018-08-03,66,3892.9,25
2018-08-10,64.2,3979.6,19.4
2018-08-17,66.4,3785,24.6
2018-08-24,65.7,3855,19.8
2018-08-31,68.9,3842.1,18.7
2018-09-07,69.9,3798.6,19.6
2018-09-14,71.9,3737.7,19.4
2018-09-21,64.9,3880.9,14.2
2018-09-28,65.9,3890.8,14.4
2018-10-12,83.9,3536.8,16.1
2018-10-19,87.9,3454.3,14.7
2018-10-26,85.3,3523.3,13.8
2018-11-02,79.6,3666.6,13.9
2018-11-09,87.2,3584.9,14.9
2018-11-16,83.6,3763.3,19.3
2018-11-23,89.2,3589.7,20.5
2018-11-30,89.2,3606.1,18.2
2018-12-07,89.5,3634.6,18.3
2018-12-14,89.4,3592.5,14.3
2018-12-21,92.9,3472.7,14.9
2018-12-28,96.4,3432.4,14.3
2019-01-04,96.7,3470.3,11.2
2019-01-11,94.1,3551.3,12.1
2019-01-18,92.2,3598.4,12.7
2019-01-25,90.5,3598.6,13.1
2019-02-01,90.3,3596,13.3
2019-02-15,86.6,3752.5,15.3
2019-02-22,74.1,3968.9,23.3
2019-03-01,63.1,4215.7,34.7
2019-03-08,64.4,4249.7,40.7
2019-03-15,62.3,4351.4,44
2019-03-22,61.2,4499.5,46
2019-03-29,61.2,4487.7,44.5
2019-04-12,57.6,4632,45.2
2019-04-19,54.5,4756.5,46.6
2019-04-26,57.1,4460.7,43.7
2019-05-10,58.8,4226,38.2
2019-05-17,60.1,4134.6,36.1
2019-05-24,60.3,4056.5,33.3
2019-05-31,59.7,4123.5,31.4
2019-06-14,60.4,4086.1,28.2
2019-06-21,58.4,4282.1,28.9
2019-06-28,59,4244.1,28.4
2019-07-05,58.4,4319.9,31
2019-07-12,60.5,4198.1,27.2
2019-07-19,60.3,4199.3,24.8
2019-07-26,59.3,4231.4,23.3
2019-08-02,62.3,4124.3,20.5
2019-08-09,68.2,3971.5,21.2
2019-08-16,66.2,4068.2,21.8
2019-08-23,61.9,4201.7,27.2
2019-08-30,63.3,4184.8,32
2019-09-06,60.2,4376.7,38
2019-09-20,57.9,4398.2,43.3
2019-09-27,60.3,4259.8,41.7
2019-10-11,57.9,4322.2,37.2
2019-10-18,58.9,4261.8,33.8
2019-10-25,57.7,4289.7,28.9
2019-11-01,57.7,4311.1,28.3
2019-11-08,56.8,4329,30.5
2019-11-15,60.9,4216.3,29.4
2019-11-22,61.9,4212.9,30.9
2019-11-29,62.9,4186.2,26.6
2019-12-06,60.1,4280.5,25.1
2019-12-13,57.9,4350.5,27.1
2019-12-20,54.8,4426.6,36.5
2019-12-27,55.6,4428.7,41.1
2020-01-03,51.9,4576.5,39.2
2020-01-10,52.1,4633.4,43.9
2020-01-17,52.2,4637.3,45.5
2020-02-07,65.7,4397.2,49.5
2020-02-14,61.2,4487.8,51.6
2020-02-21,54.3,4751.5,57.2
2020-02-28,64.8,4493,58.3
2020-03-06,59.9,4764.2,60.9
2020-03-13,66.3,4494.6,60.4
2020-03-20,50,4257,61.7
2020-03-27,53.4,4257.8,56.7
2020-04-03,60.2,4244.7,54.1
2020-04-10,60.2,4319.4,51.8
2020-04-17,59.7,4391.6,49.4
2020-04-24,66.7,4351.6,49.1
2020-05-08,57.3,4517.7,50
2020-05-15,56.3,4491.4,50.9
2020-05-22,61.7,4370.1,51.2
2020-05-29,56.9,4439.1,49.6
2020-06-05,48.2,4592,51.5
2020-06-12,50.3,4597,53.8
2020-06-19,49.2,4717.9,56.6
2020-07-03,43.9,5008.4,63.6
2020-07-10,28.9,5452.9,75.3
2020-07-17,39,5202.8,85
2020-07-24,42.8,5169.1,86.3
2020-07-31,32.7,5409.5,85.5
2020-08-07,30.3,5469.8,88.3
2020-08-14,32.5,5431.5,86.1
2020-08-21,31.1,5447.7,87.8
2020-08-28,26.2,5541.4,85.8
2020-09-04,23.8,5485.3,89
2020-09-11,26.1,5256.6,88.3
2020-09-18,24.6,5387.1,87.6
2020-09-25,27.1,5187.3,87.4
2020-10-09,24.1,5319.4,83.6
2020-10-16,20.8,5424.6,83.6
2020-10-23,24.3,5295.6,83.5
2020-10-30,29.1,5241.2,83.1
2020-11-06,24.1,5424,86.1
2020-11-13,23.5,5402.8,86.8
2020-11-20,19.7,5488.8,87.4
2020-11-27,19.5,5470.5,88
2020-12-04,18.5,5564.9,88.2
2020-12-11,22.8,5371.7,86.9
2020-12-18,17.2,5465.6,84.5
2020-12-25,19.5,5485.7,86.1
2021-01-08,13,5804.6,88.8
2021-01-15,14.2,5740.3,91.2
2021-01-22,11.4,5885.4,91.4
2021-01-29,16.8,5615.6,93.2
2021-02-05,15.9,5628.4,90.2
2021-02-19,5.4,5977.4,79.3
2021-02-26,13.8,5617.7,89.3
2021-03-05,14.9,5607.6,88.5
2021-03-12,17.7,5469.2,88.5
2021-03-19,22.6,5389.6,88
2021-03-26,23.9,5425.8,85.4
2021-04-02,24.5,5524.7,81.5
2021-04-09,25.5,5457.6,81.8
2021-04-16,27.6,5420.7,80.5
2021-04-23,27,5560.2,79.6
2021-04-30,41.9,5544.3,79.7
2021-05-07,43.6,5445.1,82
2021-05-14,41,5562.2,81.5
2021-05-21,41.9,5582.6,83.4
2021-05-28,37.4,5765,82.5
2021-06-04,37.1,5769,85.7
2021-06-11,36.3,5755.7,85.7
2021-06-18,36.7,5669.4,89.2
2021-06-25,33.2,5812.1,88.6
2021-07-02,37.7,5687.3,91.3
2021-07-09,39.2,5752.1,93.2
2021-07-16,41.2,5795.5,94.1
2021-07-23,41.5,5833.6,95
2021-07-30,46.4,5607.8,95.4
2021-08-06,45.9,5738.2,96.4
2021-08-13,44.3,5804.7,97
2021-08-20,47.2,5626.2,96.4
2021-08-27,46.9,5757.1,96.4
2021-09-03,49.2,5767.9,96.9
2021-09-10,45.9,5980.4,96.7
2021-09-17,47.9,5827.8,97.2
2021-09-24,48.3,5808,97
2021-10-08,48.3,5769.3,93.3
2021-10-15,48.1,5741,91.9
2021-10-22,47.5,5775.4,90
2021-10-29,48.2,5740.3,88.2
2021-11-05,51.6,5702.5,87.9
2021-11-12,48.4,5821.3,87.2
2021-11-19,47.9,5853.6,85.7
2021-11-26,50.1,5876,86.8
2021-12-03,47.7,5935.4,83.4
2021-12-10,46.9,6008.6,80.6
2021-12-17,45.2,5951.3,80.7
2021-12-24,46.4,5896.6,78.8
2021-12-31,46.2,5969.8,75.1
2022-01-07,48.1,5811.6,69.4
2022-01-14,50.6,5746.2,69.5
2022-01-21,53.8,5695,67.3
2022-01-28,62.2,5405.9,63.7
2022-02-11,55.9,5471.6,60.9
2022-02-18,53.6,5564.4,59.2
2022-02-25,55.9,5536.8,59
2022-03-04,56.7,5464.9,60.7
2022-03-11,64.6,5248.1,64.3
2022-03-18,66.1,5179.1,66.5
2022-03-25,68.2,5103.1,66.8
2022-04-01,67.4,5171,63
2022-04-08,69.7,5078,62.7
2022-04-15,72.6,4957.7,59.4
2022-04-22,77,4718.9,59.1
2022-04-29,77.4,4647,52.5
2022-05-06,76.2,4580.6,53.3
2022-05-13,71.6,4739.2,51.8
2022-05-20,69,4857.3,50.6
2022-05-27,72.6,4795.3,50.6
2022-06-10,63.1,5079.7,49.9
2022-06-17,62.8,5165.8,55.2
2022-06-24,59.3,5269.8,57.4
2022-07-01,56.1,5336.1,59.9
2022-07-08,57.1,5308.5,62.1
2022-07-15,65.9,5133.3,63.6
2022-07-22,63.9,5194.9,61.7
2022-07-29,65.7,5175,58.8
2022-08-05,68,5142.3,58.2
2022-08-12,65.4,5228.9,56.7
2022-08-19,71.6,5209.7,59.1
2022-08-26,73.1,5109.4,59.9
2022-09-02,75.5,4994.8,55.2
2022-09-09,71.6,5087.5,50.4
2022-09-16,79.4,4836.4,50
2022-09-23,81,4750.7,45
2022-09-30,82.8,4631.7,41.9
2022-10-14,80.6,4762,40.5
2022-10-21,82.9,4706.9,41.8
2022-10-28,92,4503.1,45.1
2022-11-04,80,4808.2,48.5
2022-11-11,78.2,4817.2,52
2022-11-18,74.5,4842.8,55.3
2022-11-25,75.1,4777.9,51.9
2022-12-02,69.9,4893.8,47.6
2022-12-09,65.3,4973.4,47.1
2022-12-16,68.8,4897.9,43.7
2022-12-23,79.4,4689.8,41
2022-12-30,76,4756.6,36.5
2023-01-06,71,4895.2,30.7
2023-01-13,65.3,4959.1,28.3
2023-01-20,59.3,5096.8,28.1
2023-02-03,59.6,5143.7,31.9
2023-02-10,59.4,5139.4,32.3
2023-02-17,63,5054.8,35.2
2023-02-24,59.7,5105.6,37
2023-03-03,56.1,5161.8,34.1
2023-03-10,65.4,4993.5,35.2
2023-03-17,64.2,4967.7,33.7
2023-03-24,61.3,5060.3,37.4
2023-03-31,62.3,5074,40.9
2023-04-07,57.4,5162.8,46.1
2023-04-14,58.3,5131.8,50.9
2023-04-21,61.4,5003.6,54
2023-04-28,64.7,4998.8,50.6
2023-05-05,64.2,4976.6,50.9
2023-05-12,69.9,4888.8,50
2023-05-19,68.4,4917,46.5
2023-05-26,73.6,4841.9,41.6
2023-06-02,73,4877.6,38.1
2023-06-09,75.1,4827,34.4
2023-06-16,70.3,4965.5,35.8
2023-06-30,76.1,4859.9,38.2
2023-07-07,77,4831.2,39
2023-07-14,74.4,4889.7,36.6
2023-07-21,80.4,4791.5,28.7
2023-07-28,72.1,4924.5,29.9
2023-08-04,71,4967.3,31.3
2023-08-11,79.6,4798.6,27.5
2023-08-18,85.4,4683.7,27.3
2023-08-25,88.1,4550,26.6
2023-09-01,80.4,4690.3,25.1
2023-09-08,79.8,4654.8,25.9
2023-09-15,80.1,4625.1,30.6
2023-09-22,77.3,4639.9,28.7
2023-10-13,80,4600.1,28.3
2023-10-20,86.9,4402.7,31.1
2023-10-27,84.3,4490.1,32.5
2023-11-03,85.5,4523.7,35
2023-11-10,85.3,4567.9,41.1
2023-11-17,84.2,4602.6,44.8
2023-11-24,83.6,4558.2,46.3
2023-12-01,86.2,4531.1,44.8
2023-12-08,89.3,4433.7,43.1
2023-12-15,89.2,4390,41.8
2023-12-22,91.6,4310.4,37.8
2023-12-29,88.5,4422,35.3
2024-01-05,92.4,4292.8,30.2
2024-01-12,93.5,4230.1,26.8
2024-01-19,95.3,4117.7,27.3
2024-01-26,93.8,4142.7,26
2024-02-02,99.5,3765.7,26.9
2024-02-23,92.8,4187.6,26.5
2024-03-01,92.3,4286.5,33.2
2024-03-08,92.7,4285.6,36.4
2024-03-15,91.7,4372,37
2024-03-22,91.6,4370.9,40.4
2024-03-29,92.5,4310.7,36.3
2024-04-12,94.5,4235.4,33.1
2024-04-19,94.1,4226.2,29.9
2024-04-26,91.5,4305.4,26.7
2024-05-10,85.6,4425.1,30.1
2024-05-17,86.8,4424.8,28.5
2024-05-24,90.4,4302.1,26.5
2024-05-31,91,4288.1,19.8
2024-06-07,93.3,4192.8,15.6
2024-06-14,94.2,4188.8,14.7
2024-06-21,95.5,4119.2,12.2
2024-06-28,97.1,4040,9.6
2024-07-05,96.6,3989.4,7.7
2024-07-12,96,4036.8,7.1
2024-07-19,95.7,4042.7,7.1
2024-07-26,98.4,3927.6,5.9
2024-08-02,98.4,3956.1,7.2
2024-08-09,98.7,3888.8,7
2024-08-16,98.3,3886.6,4.9
2024-08-23,99.5,3806.9,4.2
2024-08-30,99.2,3854.7,3.9
2024-09-06,99.9,3758.2,6.1
2024-09-13,100,3681.4,7.3
2024-09-20,99.9,3727.8,5.5
2024-09-27,90,4293.1,16.2
2024-10-11,85.9,4514.2,45.4
2024-10-18,83.2,4647.3,48.4
2024-10-25,80.5,4767.4,51.2
2024-11-01,84,4723.3,54.2
2024-11-08,72.4,5049.4,61.9
2024-11-15,81.5,4847.6,63.7
2024-11-22,85.2,4746.4,62.3
2024-11-29,84,4845.9,63.3
2024-12-06,81.8,4956.6,64.7
2024-12-13,87.1,4947.4,65.4
2024-12-20,88.8,4891.5,65.4
2024-12-27,88.6,4864.2,64.4
2025-01-03,95.9,4523.1,60.2
2025-01-10,96.2,4475.6,58.5
2025-01-17,93.3,4636.1,55.9
2025-01-24,92.6,4674.2,54.7
2025-02-07,91.3,4796,54.8
2025-02-14,88.3,4875.1,57.8
2025-02-21,85.2,4973.1,60.7
2025-02-28,87.9,4847.4,61.9
2025-03-07,84.1,4964.8,63.2
2025-03-14,80.4,5037.2,63.9
2025-03-21,83.5,4931.8,63.5
2025-03-28,87,4868.8,61.5
2025-04-11,95,4603,54
2025-04-18,94.2,4616.8,51.1
2025-04-25,92.1,4667.6,51
2025-05-09,87.6,4773.3,49.2
2025-05-16,86.7,4805.4,48.5
2025-05-23,86.4,4771.6,48.9
2025-05-30,87.6,4764.6,48.3
2025-06-06,86.5,4834.9,46.7
2025-06-13,87,4813.2,48.9
2025-06-20,87,4754.8,49.7
2025-06-27,82.1,4913.7,52.8
2025-07-04,80.2,4969.2,54.4
2025-07-11,76.6,5045.8,56.5
2025-07-18,73.9,5110.4,59.7
2025-07-25,67.6,5220.9,63.7
2025-08-01,71.4,5161.1,67.8
2025-08-08,68.3,5258.8,68.8
2025-08-15,60.2,5412,71.5
2025-08-22,50.5,5620.4,76.1
2025-08-29,45.2,5723.9,83.1
2025-09-05,48.4,5642.6,86.7
2025-09-12,43.4,5759.3,88.5
2025-09-19,44,5749.1,91.1
2025-09-26,43.9,5760.9,91.2
2025-10-10,41.9,5855.6,90.5
2025-10-17,47.2,5652.5,90.8
2025-10-24,40.8,5842.6,89.7
2025-10-31,48.3,5866.6,90.7
2025-11-07,45.9,5903.6,89.7
2025-11-14,46.2,5872.1,89.4
2025-11-21,55.4,5575.5,89.9
2025-11-28,49.4,5732.8,89
2025-12-05,47.9,5776.8,88.5
2025-12-12,48.9,5787.9,89.3
2025-12-19,48.3,5777.5,89
2025-12-26,42.7,5938.3,90
2026-01-09,35.8,6217.7,92
2026-01-16,37.2,6246.9,97.2
2026-01-23,35.9,6356.8,98.3
2026-01-30,37.6,6259.2,98.1
2026-02-06,38.8,6161.6,96.7
2026-02-13,38.5,6227.5,90.9
2026-02-24,37.1,6295.3,91.5
